{"cameraMode":{"drawMode":0,"name":"Shaded","section":"Shading Mode"},"sceneLighting":true,"audioPlay":false,"sceneViewState":{"m_AlwaysRefresh":false,"showFog":true,"showSkybox":true,"showFlares":true,"showImageEffects":true,"showParticleSystems":true,"showVisualEffectGraphs":true,"m_FxEnabled":true},"in2DMode":false,"pivot":{"x":1.9166492223739625,"y":0.49384304881095889,"z":-0.04522809386253357},"rotation":{"x":-0.1168665736913681,"y":0.05419532582163811,"z":-0.006386741995811462,"w":-0.9916496872901917},"size":0.8926759958267212,"orthographic":false}